年,月,日,時,分,秒,緯度,経度,深さ(km),Ｍ,震央地名
2018,1,1,00:02,52.9,37°13.0'N,138°48.0'E,13,1.5,新潟県中越地方
2018,1,1,00:05,10.3,37°4.7'N,136°46.2'E,10,1.0,石川県能登地方
2018,1,1,00:05,39.8,33°18.5'N,139°29.9'E,22,2.1,八丈島近海
2018,1,1,00:06,17.3,41°30.9'N,140°11.8'E,8,0.7,渡島地方西部
2018,1,1,00:08,17.6,36°53.9'N,138°31.6'E,206,2.0,長野県北部
2018,1,1,00:09,13.7,36°40.1'N,139°19.5'E,9,1.0,群馬県北部
2018,1,1,00:16,3.5,34°2.5'N,135°9.5'E,8,0.0,紀伊水道
2018,1,1,00:16,52.7,38°6.0'N,141°52.3'E,43,0.6,宮城県沖
2018,1,1,00:18,12.5,31°21.6'N,130°36.0'E,7,0.8,鹿児島湾
2018,1,1,00:21,15.0,37°9.6'N,141°22.8'E,44,1.1,福島県沖
2018,1,1,00:28,29.7,35°53.7'N,138°45.4'E,13,0.6,山梨県中・西部
2018,1,1,00:29,35.0,31°21.6'N,130°36.7'E,11,0.2,鹿児島湾
2018,1,1,00:30,27.6,32°44.0'N,130°38.8'E,14,-0.2,熊本県熊本地方
2018,1,1,00:33,22.2,27°49.3'N,127°50.0'E,17,2.5,沖縄本島北西沖
2018,1,1,00:34,59.9,35°48.5'N,138°44.7'E,9,0.5,山梨県中・西部
2018,1,1,00:35,2.9,35°48.4'N,138°45.0'E,10,0.5,山梨県中・西部
2018,1,1,00:36,5.9,35°16.4'N,135°28.1'E,6,0.2,京都府南部
2018,1,1,00:36,50.0,27°48.3'N,127°51.5'E,22,-,沖縄本島北西沖
2018,1,1,00:37,7.7,27°47.9'N,127°49.7'E,21,1.7,沖縄本島北西沖
2018,1,1,00:39,9.7,35°46.0'N,140°54.3'E,25,0.8,千葉県東方沖
2018,1,1,00:46,22.7,35°28.1'N,138°59.3'E,23,0.2,山梨県東部・富士五湖
2018,1,1,00:47,11.8,38°12.0'N,141°55.4'E,28,1.0,宮城県沖
2018,1,1,00:47,24.6,41°27.9'N,142°50.5'E,36,1.5,青森県東方沖
2018,1,1,00:48,20.6,32°59.2'N,135°25.7'E,24,1.8,和歌山県南方沖
2018,1,1,00:48,23.0,31°23.3'N,130°36.7'E,5,0.9,鹿児島湾
2018,1,1,00:56,6.6,35°2.2'N,139°47.9'E,123,3.0,東京湾
2018,1,1,00:56,17.5,36°56.9'N,139°39.0'E,9,0.1,栃木県北部
2018,1,1,00:56,45.7,26°44.5'N,130°24.2'E,47,2.3,奄美大島近海
2018,1,1,01:03,35.7,37°1.6'N,141°10.1'E,20,1.6,福島県沖
2018,1,1,01:04,42.1,35°54.7'N,137°42.6'E,7,0.5,長野県南部
2018,1,1,01:06,16.1,37°55.7'N,140°9.2'E,9,0.6,山形県置賜地方
2018,1,1,01:12,31.4,43°35.5'N,145°53.2'E,109,1.4,国後島付近
2018,1,1,01:13,56.2,42°39.3'N,139°16.2'E,10,1.4,北海道南西沖
2018,1,1,01:14,11.2,34°5.3'N,137°53.5'E,304,2.5,遠州灘
2018,1,1,01:15,5.8,32°15.1'N,131°1.9'E,98,1.1,熊本県球磨地方
2018,1,1,01:16,16.5,37°43.2'N,140°1.3'E,7,1.1,福島県会津
2018,1,1,01:20,12.5,32°21.3'N,132°1.0'E,20,1.1,日向灘
2018,1,1,01:20,15.8,43°29.5'N,145°36.2'E,131,1.4,国後島付近
2018,1,1,01:24,24.2,26°30.2'N,126°59.7'E,12,1.9,沖縄本島近海
2018,1,1,01:26,4.2,35°6.0'N,140°7.8'E,32,0.6,千葉県南東沖
2018,1,1,01:29,38.5,38°25.9'N,141°53.4'E,53,1.0,宮城県沖
2018,1,1,01:30,6.0,31°41.6'N,131°52.9'E,19,-,日向灘
2018,1,1,01:32,5.6,36°49.0'N,140°31.9'E,8,0.0,茨城県北部
2018,1,1,01:32,27.4,33°5.6'N,132°1.2'E,47,-,豊後水道
2018,1,1,01:33,31.5,34°20.7'N,140°21.9'E,45,1.0,房総半島南方沖
2018,1,1,01:33,34.9,36°42.7'N,140°36.1'E,10,0.5,茨城県北部
2018,1,1,01:36,58.1,33°17.8'N,139°27.5'E,22,2.6,八丈島近海
2018,1,1,01:37,58.8,36°5.8'N,140°5.9'E,60,2.6,茨城県南部
2018,1,1,01:40,58.6,35°2.4'N,135°30.7'E,10,1.8,京都府南部
2018,1,1,01:41,51.0,35°40.6'N,138°12.2'E,14,0.1,長野県南部
2018,1,1,01:42,44.6,44°45.7'N,146°7.1'E,186,2.2,国後島付近
2018,1,1,01:43,1.7,42°26.0'N,139°0.9'E,13,1.4,北海道南西沖
2018,1,1,01:51,11.2,38°8.7'N,140°28.9'E,22,-,宮城県南部
2018,1,1,01:51,11.2,35°19.2'N,137°44.9'E,8,-0.1,長野県南部
2018,1,1,01:51,13.8,35°48.7'N,140°55.4'E,12,1.8,千葉県東方沖
2018,1,1,01:56,42.9,33°37.2'N,139°43.1'E,102,1.8,三宅島近海
2018,1,1,01:57,0.9,32°44.8'N,130°40.2'E,9,-0.1,熊本県熊本地方
2018,1,1,01:57,48.9,36°4.6'N,137°32.3'E,7,0.2,岐阜県飛騨地方
2018,1,1,02:00,30.3,35°47.6'N,140°54.7'E,13,1.1,千葉県東方沖
2018,1,1,02:02,45.7,38°59.5'N,142°25.5'E,28,1.9,宮城県沖
2018,1,1,02:04,9.2,35°23.9'N,133°53.6'E,9,0.1,鳥取県中部
2018,1,1,02:04,46.3,31°54.1'N,130°54.9'E,21,0.2,宮崎県南部山沿い
2018,1,1,02:07,58.6,27°47.4'N,127°54.4'E,12,1.7,沖縄本島北西沖
2018,1,1,02:12,58.9,32°6.3'N,130°26.5'E,10,-0.1,鹿児島県薩摩地方
2018,1,1,02:15,32.1,34°19.3'N,140°29.6'E,57,2.3,房総半島南方沖
2018,1,1,02:17,25.3,32°11.1'N,129°50.2'E,14,1.2,天草灘
2018,1,1,02:19,8.6,37°43.1'N,140°1.3'E,7,0.4,福島県会津
2018,1,1,02:19,58.9,37°2.9'N,141°9.9'E,15,-,福島県沖
2018,1,1,02:22,42.1,33°47.9'N,135°30.4'E,13,0.2,和歌山県南部
2018,1,1,02:24,35.1,35°14.5'N,136°37.3'E,8,0.3,岐阜県美濃中西部
2018,1,1,02:29,3.9,37°1.1'N,141°10.9'E,20,1.1,福島県沖
2018,1,1,02:29,7.0,36°42.0'N,140°36.1'E,11,0.9,茨城県北部
2018,1,1,02:29,17.0,31°21.8'N,130°37.8'E,12,0.7,鹿児島湾
2018,1,1,02:29,46.2,31°8.8'N,129°5.5'E,6,3.5,薩摩半島西方沖
2018,1,1,02:31,46.6,39°35.2'N,142°39.6'E,30,2.2,岩手県沖
2018,1,1,02:32,25.7,34°27.1'N,140°24.4'E,59,1.3,房総半島南方沖
2018,1,1,02:32,45.4,38°11.2'N,143°51.7'E,47,2.4,三陸沖
2018,1,1,02:33,12.5,32°17.9'N,131°30.7'E,53,0.6,宮崎県北部平野部
2018,1,1,02:33,42.3,36°47.4'N,140°35.1'E,8,1.0,茨城県北部
2018,1,1,02:34,49.3,33°20.1'N,133°59.7'E,15,0.6,土佐湾
2018,1,1,02:35,9.7,44°35.7'N,141°36.9'E,0,0.7,北海道北西沖
2018,1,1,02:35,16.6,28°4.6'N,129°12.7'E,13,0.9,奄美大島近海
2018,1,1,02:38,56.3,37°12.5'N,139°54.4'E,7,1.7,福島県会津
2018,1,1,02:39,24.8,36°19.4'N,140°52.7'E,43,1.1,茨城県沖
2018,1,1,02:40,8.6,34°56.8'N,137°36.2'E,12,0.1,愛知県東部
2018,1,1,02:41,49.8,36°0.1'N,140°16.8'E,38,0.1,茨城県南部
2018,1,1,02:42,28.2,39°27.1'N,142°16.0'E,37,1.1,岩手県沖
2018,1,1,02:43,43.4,35°24.7'N,139°0.2'E,14,0.0,神奈川県西部
2018,1,1,02:46,7.2,35°23.9'N,137°30.5'E,56,0.4,岐阜県美濃東部
2018,1,1,02:46,12.8,27°49.3'N,127°49.7'E,13,2.1,沖縄本島北西沖
2018,1,1,02:51,54.4,35°3.3'N,135°34.3'E,13,0.0,京都府南部
2018,1,1,02:56,20.3,35°36.2'N,139°8.0'E,146,1.3,山梨県東部・富士五湖
2018,1,1,02:56,52.1,39°44.4'N,143°16.4'E,10,-,三陸沖
2018,1,1,02:59,30.4,32°39.1'N,130°41.7'E,6,-0.2,熊本県熊本地方
2018,1,1,02:59,42.7,36°49.8'N,140°34.3'E,8,0.0,茨城県北部
2018,1,1,03:01,25.8,24°53.3'N,125°17.3'E,26,1.6,宮古島近海
2018,1,1,03:05,46.8,43°0.9'N,143°49.7'E,90,1.3,釧路地方中南部
2018,1,1,03:16,7.8,32°39.9'N,130°45.9'E,6,0.8,熊本県熊本地方
2018,1,1,03:16,9.7,40°6.7'N,141°20.2'E,9,-0.1,岩手県内陸北部
2018,1,1,03:18,9.5,34°51.4'N,138°13.0'E,32,1.2,静岡県中部
2018,1,1,03:22,39.1,36°48.3'N,140°33.1'E,9,1.0,茨城県北部
2018,1,1,03:22,47.6,31°21.6'N,130°36.8'E,6,1.2,鹿児島湾
2018,1,1,03:23,17.8,36°47.6'N,140°33.0'E,11,0.7,茨城県北部
2018,1,1,03:24,12.0,35°28.9'N,139°6.9'E,20,1.2,神奈川県西部
2018,1,1,03:25,39.1,36°3.6'N,137°33.9'E,8,0.2,岐阜県飛騨地方
2018,1,1,03:25,50.5,31°10.8'N,131°32.9'E,26,1.1,大隅半島東方沖
2018,1,1,03:27,45.5,31°23.6'N,130°37.1'E,11,0.7,鹿児島湾
2018,1,1,03:28,1.4,36°58.8'N,141°8.5'E,29,1.2,福島県沖
2018,1,1,03:28,24.3,27°48.6'N,127°52.5'E,18,1.6,沖縄本島北西沖
2018,1,1,03:32,21.7,32°34.4'N,131°4.9'E,141,1.2,宮崎県北部山沿い
2018,1,1,03:33,45.3,31°51.4'N,130°43.7'E,8,0.2,鹿児島県薩摩地方
2018,1,1,03:34,4.5,35°58.0'N,140°11.5'E,38,0.5,茨城県南部
2018,1,1,03:35,35.0,37°5.1'N,141°23.9'E,26,1.2,福島県沖
2018,1,1,03:37,58.2,37°5.6'N,141°7.5'E,32,1.1,福島県沖
2018,1,1,03:38,38.6,35°44.7'N,136°33.5'E,8,-0.1,岐阜県美濃中西部
2018,1,1,03:41,32.6,37°7.1'N,139°15.1'E,5,1.2,福島県会津
2018,1,1,03:41,54.7,37°7.2'N,139°15.0'E,6,0.6,福島県会津
2018,1,1,03:42,41.8,39°34.3'N,142°40.6'E,30,1.5,岩手県沖
2018,1,1,03:50,32.4,32°45.7'N,130°18.3'E,2,0.6,長崎県島原半島
2018,1,1,03:51,5.5,34°3.4'N,135°6.1'E,6,1.1,紀伊水道
2018,1,1,03:51,17.2,39°2.9'N,140°52.1'E,7,0.6,岩手県内陸南部
2018,1,1,03:52,2.7,39°3.2'N,140°52.3'E,9,1.2,岩手県内陸南部
2018,1,1,03:53,48.3,43°23.0'N,144°1.5'E,24,0.1,十勝地方北部
2018,1,1,03:55,6.0,37°54.4'N,139°16.8'E,166,-,新潟県下越地方
2018,1,1,03:57,23.0,41°54.3'N,140°58.7'E,9,0.6,渡島地方東部
2018,1,1,04:03,11.7,28°55.7'N,130°56.7'E,33,2.2,奄美大島北東沖
2018,1,1,04:06,59.4,32°41.4'N,130°42.3'E,15,0.9,熊本県熊本地方
2018,1,1,04:07,23.8,35°34.6'N,138°54.8'E,29,0.7,山梨県東部・富士五湖
2018,1,1,04:08,18.4,27°17.4'N,128°37.7'E,16,1.2,沖縄本島近海
2018,1,1,04:24,48.8,39°21.4'N,141°28.1'E,77,0.8,岩手県内陸南部
2018,1,1,04:28,14.5,38°20.1'N,142°3.8'E,31,1.7,宮城県沖
2018,1,1,04:29,39.7,36°42.9'N,140°36.4'E,6,-0.3,茨城県北部
2018,1,1,04:34,53.2,36°46.9'N,140°33.9'E,7,0.1,茨城県北部
2018,1,1,04:36,1.4,29°11.8'N,130°42.5'E,16,2.1,奄美大島北東沖
2018,1,1,04:39,3.0,32°21.2'N,132°1.0'E,20,1.2,日向灘
2018,1,1,04:41,10.5,34°56.8'N,136°27.7'E,16,0.6,三重県北部
2018,1,1,04:42,38.5,35°48.5'N,141°0.4'E,28,4.4,千葉県東方沖
2018,1,1,04:46,41.7,36°56.2'N,139°24.9'E,6,0.1,福島県会津
2018,1,1,04:49,53.2,33°47.7'N,135°40.9'E,40,0.6,和歌山県南部
2018,1,1,04:49,57.9,35°46.9'N,140°58.8'E,28,0.9,千葉県東方沖
2018,1,1,04:52,41.8,36°36.7'N,139°26.1'E,8,0.4,栃木県北部
2018,1,1,04:56,46.7,35°56.6'N,137°34.5'E,5,0.6,長野県南部
2018,1,1,04:58,38.2,40°4.2'N,142°39.7'E,27,1.1,岩手県沖
2018,1,1,05:00,42.6,36°3.2'N,139°50.4'E,43,0.3,茨城県南部
2018,1,1,05:11,36.0,35°48.0'N,140°59.9'E,28,1.9,千葉県東方沖
2018,1,1,05:11,45.6,36°47.9'N,140°33.6'E,8,-0.1,茨城県北部
2018,1,1,05:12,31.3,30°6.4'N,131°20.5'E,19,1.4,種子島南東沖
2018,1,1,05:13,32.6,36°45.4'N,137°51.3'E,8,0.4,長野県北部
2018,1,1,05:14,32.8,36°47.2'N,140°34.0'E,7,0.3,茨城県北部
2018,1,1,05:15,0.8,36°6.1'N,137°39.6'E,5,0.2,長野県中部
2018,1,1,05:15,3.6,34°3.8'N,135°5.2'E,4,0.2,紀伊水道
2018,1,1,05:21,46.8,35°46.6'N,140°57.5'E,30,0.9,千葉県東方沖
2018,1,1,05:22,42.6,36°46.2'N,140°34.6'E,8,0.4,茨城県北部
2018,1,1,05:24,1.3,35°46.5'N,140°59.1'E,31,1.1,千葉県東方沖
2018,1,1,05:32,11.7,30°41.6'N,132°6.0'E,53,2.0,九州地方南東沖
2018,1,1,05:37,46.4,32°11.2'N,129°49.9'E,13,1.3,天草灘
2018,1,1,05:37,53.1,36°50.8'N,138°40.1'E,6,0.9,長野県北部
2018,1,1,05:38,28.4,32°13.9'N,130°21.0'E,9,0.2,熊本県天草・芦北地方
2018,1,1,05:52,44.1,36°16.4'N,138°0.5'E,9,0.0,長野県中部
2018,1,1,05:53,47.5,35°48.9'N,141°0.8'E,26,2.1,千葉県東方沖
2018,1,1,05:56,30.2,24°39.5'N,124°8.2'E,0,1.5,石垣島近海
2018,1,1,05:58,5.7,31°4.8'N,129°10.3'E,6,1.9,薩摩半島西方沖
2018,1,1,06:00,11.9,37°10.5'N,140°39.0'E,103,2.8,福島県浜通り
2018,1,1,06:02,30.2,42°40.7'N,143°38.1'E,96,1.2,十勝地方中部
2018,1,1,06:03,17.3,32°46.5'N,130°38.5'E,11,0.0,熊本県熊本地方
2018,1,1,06:05,15.5,34°49.7'N,140°2.2'E,63,1.5,千葉県南東沖
2018,1,1,06:06,9.0,33°48.9'N,134°53.0'E,16,0.5,紀伊水道
2018,1,1,06:08,42.1,22°52.7'N,121°16.1'E,3,3.7,台湾付近
2018,1,1,06:11,39.1,37°20.1'N,141°47.3'E,25,1.5,福島県沖
2018,1,1,06:24,22.3,37°6.3'N,141°21.6'E,28,1.3,福島県沖
2018,1,1,06:24,55.1,37°41.5'N,139°59.7'E,9,0.6,福島県会津
2018,1,1,06:31,59.3,24°39.7'N,124°8.2'E,0,1.1,石垣島近海
2018,1,1,06:37,51.3,33°40.6'N,135°32.7'E,13,1.1,和歌山県南部
2018,1,1,06:38,8.1,35°49.7'N,140°15.1'E,44,1.0,千葉県北西部
2018,1,1,06:38,47.3,35°46.8'N,140°58.0'E,30,0.9,千葉県東方沖
2018,1,1,06:39,14.4,35°35.7'N,136°24.5'E,13,0.4,岐阜県美濃中西部
2018,1,1,06:40,22.2,36°52.1'N,141°3.9'E,49,2.8,福島県沖
2018,1,1,06:40,24.7,32°28.5'N,130°37.5'E,11,-0.2,熊本県熊本地方
2018,1,1,06:42,5.0,38°14.9'N,141°51.1'E,62,3.1,宮城県沖
2018,1,1,06:42,12.2,35°48.5'N,140°59.8'E,28,1.7,千葉県東方沖
2018,1,1,06:46,18.6,29°35.0'N,130°37.1'E,16,1.7,奄美大島北東沖
2018,1,1,06:46,29.5,33°40.6'N,135°32.7'E,13,1.0,和歌山県南部
2018,1,1,06:47,7.1,31°22.5'N,130°34.8'E,7,1.3,鹿児島湾
2018,1,1,06:47,30.3,37°7.6'N,141°12.5'E,28,1.2,福島県沖
2018,1,1,06:47,44.9,35°35.7'N,136°24.9'E,12,0.1,岐阜県美濃中西部
2018,1,1,06:47,55.6,37°1.5'N,141°10.7'E,19,-,福島県沖
2018,1,1,06:50,29.6,36°48.7'N,140°32.8'E,11,0.7,茨城県北部
2018,1,1,06:51,22.0,33°50.8'N,134°59.4'E,12,1.1,紀伊水道
2018,1,1,06:51,45.4,37°7.2'N,139°15.1'E,5,0.6,福島県会津
2018,1,1,06:53,48.5,35°44.9'N,139°43.2'E,22,0.4,東京都２３区
2018,1,1,06:57,57.3,37°7.1'N,139°15.1'E,6,0.7,福島県会津
2018,1,1,06:58,30.6,36°24.9'N,140°38.8'E,78,2.5,茨城県沖
2018,1,1,07:00,42.4,32°25.1'N,130°38.2'E,11,1.8,熊本県熊本地方
2018,1,1,07:05,49.8,32°56.7'N,131°3.1'E,7,3.0,熊本県阿蘇地方
2018,1,1,07:06,47.8,36°44.8'N,140°34.0'E,10,0.0,茨城県北部
2018,1,1,07:08,4.6,36°44.8'N,140°34.0'E,9,-0.4,茨城県北部
2018,1,1,07:08,4.6,31°21.7'N,130°36.1'E,9,0.7,鹿児島湾
2018,1,1,07:08,28.8,31°22.2'N,130°36.1'E,9,1.1,鹿児島湾
2018,1,1,07:08,39.6,43°48.9'N,142°48.4'E,10,0.2,上川地方中部
2018,1,1,07:10,24.0,37°0.2'N,141°52.0'E,13,1.4,福島県沖
2018,1,1,07:12,6.0,35°48.6'N,141°0.4'E,29,2.4,千葉県東方沖
2018,1,1,07:12,43.0,32°53.1'N,130°53.5'E,8,0.2,熊本県熊本地方
2018,1,1,07:13,8.7,37°10.6'N,141°12.3'E,58,0.8,福島県沖
2018,1,1,07:17,56.0,32°50.7'N,132°9.9'E,34,0.8,豊後水道
2018,1,1,07:21,13.2,34°46.8'N,139°41.4'E,102,1.1,伊豆大島近海
2018,1,1,07:22,0.9,41°39.3'N,139°20.7'E,14,1.4,北海道南西沖
2018,1,1,07:23,46.6,35°24.9'N,133°50.1'E,7,0.3,鳥取県中部
2018,1,1,07:24,35.8,43°32.0'N,146°53.7'E,31,2.2,北海道東方沖
2018,1,1,07:25,55.5,35°54.1'N,140°48.0'E,18,1.2,茨城県沖
2018,1,1,07:27,32.6,35°37.0'N,136°7.1'E,12,1.1,福井県嶺南
2018,1,1,07:28,54.1,33°27.3'N,135°50.7'E,28,0.8,和歌山県南方沖
2018,1,1,07:42,29.4,36°35.2'N,140°29.1'E,16,0.9,茨城県北部
2018,1,1,07:47,9.5,27°19.9'N,126°50.4'E,129,3.0,沖縄本島北西沖
2018,1,1,07:50,49.1,34°54.7'N,135°22.2'E,7,0.6,兵庫県南東部
2018,1,1,07:51,51.2,24°47.9'N,124°57.0'E,25,1.6,宮古島近海
2018,1,1,07:53,6.4,35°23.2'N,133°52.9'E,8,0.6,鳥取県中部
2018,1,1,07:53,27.7,36°49.2'N,138°27.2'E,7,1.1,長野県北部
2018,1,1,07:54,58.0,35°47.0'N,140°59.5'E,30,1.5,千葉県東方沖
2018,1,1,07:58,5.1,37°24.0'N,141°44.0'E,44,1.4,福島県沖
2018,1,1,08:03,1.9,32°57.1'N,132°31.8'E,15,1.4,愛媛県南予
2018,1,1,08:03,15.5,35°45.8'N,140°57.0'E,30,0.8,千葉県東方沖
2018,1,1,08:05,43.1,32°51.3'N,130°44.9'E,7,2.3,熊本県熊本地方
2018,1,1,08:05,59.6,36°29.8'N,137°54.6'E,11,1.0,長野県北部
2018,1,1,08:06,4.4,36°10.4'N,140°56.2'E,48,0.5,茨城県沖
2018,1,1,08:06,32.9,36°29.2'N,137°54.2'E,9,-0.4,長野県北部
2018,1,1,08:08,31.3,36°29.6'N,137°55.3'E,9,0.0,長野県北部
2018,1,1,08:09,49.1,31°22.1'N,130°34.8'E,9,0.5,鹿児島湾
2018,1,1,08:19,14.1,36°21.3'N,141°16.3'E,43,1.1,茨城県沖
2018,1,1,08:21,4.5,32°51.3'N,130°44.6'E,7,1.3,熊本県熊本地方
2018,1,1,08:22,5.3,37°22.6'N,141°38.6'E,21,1.9,福島県沖
2018,1,1,08:23,28.6,35°48.6'N,138°2.2'E,9,-0.3,長野県南部
2018,1,1,08:23,39.4,35°29.6'N,136°47.1'E,10,-0.1,岐阜県美濃中西部
2018,1,1,08:26,11.8,39°3.7'N,142°23.1'E,34,1.2,岩手県沖
2018,1,1,08:26,38.1,38°41.5'N,141°6.6'E,89,2.0,宮城県北部
2018,1,1,08:29,3.5,26°29.3'N,127°0.3'E,12,1.7,沖縄本島近海
2018,1,1,08:30,10.7,31°12.8'N,131°28.4'E,39,0.9,大隅半島東方沖
2018,1,1,08:31,16.5,38°52.2'N,140°51.9'E,7,1.9,宮城県北部
2018,1,1,08:31,42.0,32°36.4'N,130°40.5'E,2,-0.2,熊本県熊本地方
2018,1,1,08:33,33.0,34°53.1'N,137°6.6'E,38,0.4,愛知県西部
2018,1,1,08:42,53.7,28°4.7'N,129°12.7'E,14,1.0,奄美大島近海
2018,1,1,08:44,6.2,32°21.5'N,132°0.7'E,21,0.5,日向灘
2018,1,1,08:45,10.5,43°34.6'N,140°21.7'E,11,1.7,北海道西方沖
2018,1,1,08:51,17.2,31°21.7'N,130°37.1'E,7,1.2,鹿児島湾
2018,1,1,08:54,34.7,35°47.0'N,140°58.6'E,26,1.0,千葉県東方沖
2018,1,1,08:56,2.3,36°43.4'N,140°34.3'E,11,0.2,茨城県北部
2018,1,1,08:57,17.7,36°51.7'N,140°32.0'E,9,0.3,福島県中通り
2018,1,1,08:58,4.1,34°11.4'N,137°4.7'E,355,3.0,三重県南東沖
2018,1,1,09:02,10.9,32°25.3'N,131°25.7'E,12,0.3,宮崎県北部山沿い
2018,1,1,09:02,22.5,31°22.1'N,130°37.3'E,8,0.6,鹿児島湾
2018,1,1,09:12,53.1,39°5.5'N,142°18.3'E,36,1.1,岩手県沖
2018,1,1,09:14,23.3,38°19.0'N,141°50.0'E,45,1.5,宮城県沖
2018,1,1,09:15,4.7,36°15.6'N,140°28.7'E,46,0.7,茨城県北部
2018,1,1,09:19,12.9,36°48.8'N,140°35.4'E,6,0.1,茨城県北部
2018,1,1,09:24,30.0,38°41.0'N,141°3.6'E,86,0.6,宮城県北部
2018,1,1,09:24,35.8,38°54.2'N,142°37.9'E,27,-,宮城県沖
2018,1,1,09:26,52.7,35°35.4'N,139°30.3'E,25,0.5,神奈川県東部
2018,1,1,09:28,4.0,35°46.0'N,140°58.3'E,33,0.9,千葉県東方沖
2018,1,1,09:33,6.8,32°45.0'N,130°39.7'E,10,0.3,熊本県熊本地方
2018,1,1,09:33,15.5,31°22.0'N,130°37.0'E,8,1.0,鹿児島湾
2018,1,1,09:39,25.5,35°46.5'N,140°58.1'E,28,1.2,千葉県東方沖
2018,1,1,09:42,18.2,36°8.4'N,137°24.0'E,8,0.3,岐阜県飛騨地方
2018,1,1,09:58,29.4,35°53.5'N,137°38.6'E,9,-0.1,長野県南部
2018,1,1,10:01,25.3,41°6.4'N,141°11.3'E,96,2.1,陸奥湾
2018,1,1,10:02,13.8,32°48.5'N,130°41.2'E,7,0.2,熊本県熊本地方
2018,1,1,10:04,36.2,34°54.2'N,138°18.5'E,29,1.3,静岡県中部
2018,1,1,10:04,37.3,35°54.3'N,137°37.0'E,9,0.2,長野県南部
2018,1,1,10:06,16.4,35°38.4'N,140°1.6'E,65,0.5,東京湾
2018,1,1,10:07,59.0,34°10.7'N,135°11.5'E,6,1.1,和歌山県北部
2018,1,1,10:12,55.4,36°45.1'N,141°32.1'E,31,2.4,茨城県沖
2018,1,1,10:13,21.6,28°4.9'N,129°13.0'E,15,0.7,奄美大島近海
2018,1,1,10:16,9.1,39°3.1'N,140°51.6'E,8,2.4,岩手県内陸南部
2018,1,1,10:20,37.3,35°23.2'N,133°52.9'E,8,0.8,鳥取県中部
2018,1,1,10:21,36.0,31°29.8'N,131°55.6'E,38,1.2,日向灘
2018,1,1,10:22,45.8,35°19.8'N,138°43.4'E,10,0.5,静岡県東部
2018,1,1,10:35,58.5,27°49.1'N,127°51.7'E,12,1.9,沖縄本島北西沖
2018,1,1,10:37,8.8,35°48.4'N,141°0.1'E,27,1.9,千葉県東方沖
2018,1,1,10:40,23.7,39°22.3'N,142°3.5'E,43,0.7,岩手県沖
2018,1,1,10:51,13.0,36°47.7'N,140°34.9'E,9,0.9,茨城県北部
2018,1,1,10:53,3.0,38°47.0'N,141°44.2'E,55,1.8,宮城県沖
2018,1,1,10:53,12.9,35°47.4'N,140°56.9'E,27,1.1,千葉県東方沖
2018,1,1,10:53,58.0,36°42.0'N,140°38.5'E,9,0.2,茨城県北部
2018,1,1,10:57,12.6,32°52.4'N,132°2.2'E,43,1.3,豊後水道
2018,1,1,11:08,59.2,39°7.5'N,142°21.8'E,27,0.7,岩手県沖
2018,1,1,11:16,54.8,32°59.8'N,131°13.2'E,11,1.1,熊本県阿蘇地方
2018,1,1,11:17,57.0,28°18.8'N,128°54.4'E,66,1.5,奄美大島近海
2018,1,1,11:22,35.6,32°46.4'N,130°37.3'E,9,0.5,熊本県熊本地方
2018,1,1,11:22,36.0,38°17.4'N,141°52.0'E,61,0.8,宮城県沖
2018,1,1,11:25,26.1,35°4.9'N,138°2.9'E,13,-0.2,静岡県西部
2018,1,1,11:25,32.9,35°48.3'N,140°59.7'E,28,2.7,千葉県東方沖
2018,1,1,11:27,57.3,36°22.3'N,137°13.4'E,9,0.1,岐阜県飛騨地方
2018,1,1,11:29,27.6,30°38.3'N,132°5.3'E,55,1.7,九州地方南東沖
2018,1,1,11:30,12.2,34°9.8'N,135°3.8'E,11,0.9,紀伊水道
2018,1,1,11:30,24.4,29°16.0'N,142°27.6'E,49,3.8,鳥島近海
2018,1,1,11:33,34.5,31°22.0'N,130°36.0'E,8,0.8,鹿児島湾
2018,1,1,11:34,55.1,32°3.5'N,130°11.4'E,12,0.3,天草灘
2018,1,1,11:38,6.2,33°9.6'N,136°58.1'E,51,1.9,三重県南東沖
2018,1,1,11:39,57.4,33°39.7'N,130°18.0'E,10,0.4,福岡県北西沖
2018,1,1,11:45,8.2,35°31.4'N,135°58.9'E,8,0.1,福井県嶺南
2018,1,1,11:45,58.6,37°46.9'N,141°55.4'E,39,1.5,福島県沖
2018,1,1,11:47,48.2,38°42.6'N,142°7.8'E,35,1.2,宮城県沖
2018,1,1,11:48,15.9,34°36.3'N,133°11.8'E,15,0.6,広島県南東部
2018,1,1,11:48,50.8,35°3.3'N,135°34.3'E,13,0.1,京都府南部
2018,1,1,11:49,47.0,37°24.0'N,141°55.2'E,34,1.6,福島県沖
2018,1,1,11:51,47.8,31°21.9'N,130°36.0'E,6,-,鹿児島湾
2018,1,1,11:51,48.7,31°20.5'N,130°36.2'E,10,1.4,鹿児島湾
2018,1,1,11:55,10.3,37°3.0'N,140°58.4'E,82,1.2,福島県浜通り
2018,1,1,11:58,42.3,35°53.4'N,138°5.7'E,10,-0.4,長野県南部
2018,1,1,12:01,11.0,37°49.1'N,141°39.9'E,30,1.2,福島県沖
2018,1,1,12:03,13.6,34°47.4'N,134°53.0'E,10,1.1,兵庫県南東部
2018,1,1,12:04,57.3,37°22.3'N,141°27.4'E,29,1.2,福島県沖
2018,1,1,12:08,59.1,32°57.5'N,131°3.4'E,10,0.6,熊本県阿蘇地方
2018,1,1,12:10,1.8,28°20.7'N,129°35.2'E,51,0.8,奄美大島近海
2018,1,1,12:15,47.8,37°9.6'N,141°27.9'E,20,1.6,福島県沖
2018,1,1,12:20,13.9,26°28.9'N,129°52.3'E,43,2.4,沖縄本島近海
2018,1,1,12:21,56.3,22°50.8'N,121°14.7'E,17,3.7,台湾付近
2018,1,1,12:27,48.8,36°9.3'N,139°52.2'E,62,0.1,茨城県南部
2018,1,1,12:29,39.7,36°22.2'N,140°59.0'E,37,1.2,茨城県沖
2018,1,1,12:40,20.5,35°46.6'N,140°58.7'E,29,1.5,千葉県東方沖
2018,1,1,12:41,52.0,33°27.6'N,135°20.3'E,27,1.0,和歌山県南方沖
2018,1,1,12:46,8.1,37°21.7'N,141°40.0'E,41,1.2,福島県沖
2018,1,1,12:50,58.7,35°29.5'N,139°53.1'E,19,0.9,東京湾
2018,1,1,12:51,46.7,37°7.2'N,139°14.8'E,5,0.4,新潟県中越地方
2018,1,1,12:56,48.8,37°7.1'N,141°23.8'E,17,1.3,福島県沖
2018,1,1,12:59,2.7,34°2.6'N,135°20.3'E,6,1.0,和歌山県北部
2018,1,1,13:00,28.2,35°23.7'N,133°52.8'E,13,0.4,鳥取県中部
2018,1,1,13:01,54.1,35°49.0'N,140°47.9'E,11,1.3,千葉県東方沖
2018,1,1,13:02,25.5,36°2.8'N,137°19.6'E,9,-0.1,岐阜県飛騨地方
2018,1,1,13:03,7.8,35°52.8'N,140°26.9'E,32,0.3,千葉県北東部
2018,1,1,13:10,22.8,40°17.2'N,141°51.3'E,53,0.5,岩手県沖
2018,1,1,13:11,51.2,36°39.4'N,138°14.8'E,7,1.3,長野県北部
2018,1,1,13:11,56.5,37°47.6'N,141°46.2'E,53,1.5,福島県沖
2018,1,1,13:11,56.6,36°40.0'N,138°13.9'E,11,1.7,長野県北部
2018,1,1,13:15,49.4,25°9.1'N,122°38.5'E,203,-,石垣島北西沖
2018,1,1,13:16,1.6,38°51.9'N,140°51.7'E,8,0.5,宮城県北部
2018,1,1,13:16,11.7,32°14.9'N,130°30.7'E,5,1.0,熊本県天草・芦北地方
2018,1,1,13:19,50.1,32°14.8'N,130°30.5'E,5,0.3,熊本県天草・芦北地方
2018,1,1,13:21,5.4,35°35.4'N,138°7.3'E,7,0.1,長野県南部
2018,1,1,13:21,22.0,33°53.6'N,134°2.7'E,5,0.3,徳島県北部
2018,1,1,13:23,36.4,33°56.7'N,133°41.0'E,9,0.8,愛媛県東予
2018,1,1,13:29,33.4,33°56.7'N,133°41.1'E,9,0.9,愛媛県東予
2018,1,1,13:29,50.5,36°50.9'N,140°34.0'E,2,-0.4,茨城県北部
2018,1,1,13:29,57.6,31°23.0'N,130°36.7'E,11,0.8,鹿児島湾
2018,1,1,13:33,55.6,32°50.0'N,130°38.3'E,14,0.2,熊本県熊本地方
2018,1,1,13:34,20.8,35°18.4'N,133°17.7'E,8,1.1,島根県東部
2018,1,1,13:35,49.1,42°45.1'N,143°34.5'E,54,1.1,十勝地方中部
2018,1,1,13:36,0.4,36°50.3'N,139°45.4'E,6,1.3,栃木県北部
2018,1,1,13:42,31.5,35°40.4'N,140°53.0'E,13,1.0,千葉県東方沖
2018,1,1,13:45,7.9,29°18.8'N,128°34.7'E,20,3.2,奄美大島北西沖
2018,1,1,13:47,59.2,37°27.1'N,139°49.5'E,129,2.3,福島県会津
2018,1,1,13:49,32.6,35°51.8'N,137°58.1'E,15,0.6,長野県南部
2018,1,1,13:55,19.0,39°21.8'N,142°3.2'E,45,0.9,岩手県沖
2018,1,1,13:55,57.3,36°41.5'N,140°39.3'E,7,0.6,茨城県北部
2018,1,1,14:02,16.3,32°44.3'N,132°27.4'E,33,0.7,日向灘
2018,1,1,14:02,35.0,35°38.7'N,140°33.8'E,64,2.3,千葉県北東部
2018,1,1,14:05,10.4,32°21.2'N,130°38.8'E,11,0.3,熊本県天草・芦北地方
2018,1,1,14:09,56.2,28°9.2'N,129°33.4'E,30,0.5,奄美大島近海
2018,1,1,14:11,19.9,27°35.3'N,128°47.2'E,12,1.2,奄美大島近海
2018,1,1,14:11,21.9,43°23.8'N,142°40.1'E,1,0.4,上川地方南部
2018,1,1,14:13,18.4,36°19.5'N,140°52.6'E,38,0.7,茨城県沖
2018,1,1,14:15,19.1,33°49.0'N,132°33.1'E,41,0.9,安芸灘
2018,1,1,14:17,53.4,31°58.5'N,131°41.7'E,33,0.4,日向灘
2018,1,1,14:18,55.8,39°45.1'N,140°49.1'E,34,-,岩手県内陸北部
2018,1,1,14:22,50.7,37°4.8'N,136°46.7'E,10,1.1,石川県能登地方
2018,1,1,14:23,39.8,33°24.8'N,132°10.1'E,51,0.9,愛媛県南予
2018,1,1,14:32,11.5,36°57.2'N,138°29.4'E,11,0.9,長野県北部
2018,1,1,14:35,14.3,36°45.0'N,140°33.7'E,11,0.3,茨城県北部
2018,1,1,14:35,23.8,36°57.1'N,138°29.6'E,9,0.5,長野県北部
2018,1,1,14:35,24.4,33°28.2'N,135°47.0'E,28,0.8,和歌山県南部
2018,1,1,14:47,16.7,33°45.2'N,133°27.5'E,6,0.5,高知県中部
2018,1,1,14:47,20.6,38°25.1'N,142°12.8'E,28,1.2,宮城県沖
2018,1,1,14:51,49.5,36°25.0'N,140°59.9'E,37,1.0,茨城県沖
2018,1,1,14:52,48.0,37°33.2'N,144°33.2'E,30,-,福島県沖
2018,1,1,14:54,12.6,30°11.5'N,130°51.7'E,12,1.3,種子島近海
2018,1,1,14:54,19.7,33°9.8'N,132°7.6'E,43,2.8,豊後水道
2018,1,1,15:00,0.5,37°10.0'N,138°12.0'E,27,1.1,新潟県上越地方
2018,1,1,15:09,0.9,33°49.7'N,135°28.6'E,17,0.4,和歌山県南部
2018,1,1,15:11,56.6,31°23.0'N,130°36.9'E,11,1.0,鹿児島湾
2018,1,1,15:12,2.4,36°3.5'N,137°34.4'E,9,0.6,岐阜県飛騨地方
2018,1,1,15:15,4.2,38°53.4'N,141°58.1'E,49,2.8,宮城県沖
2018,1,1,15:19,28.1,39°32.3'N,140°43.8'E,7,-,秋田県内陸南部
2018,1,1,15:19,34.5,35°46.7'N,140°57.1'E,30,1.1,千葉県東方沖
2018,1,1,15:19,39.1,39°32.4'N,140°43.7'E,8,-,秋田県内陸南部
2018,1,1,15:20,54.3,36°38.3'N,140°32.2'E,9,0.1,茨城県北部
2018,1,1,15:29,6.7,37°15.8'N,142°3.3'E,32,2.5,福島県沖
2018,1,1,15:31,36.3,33°47.9'N,135°30.6'E,14,1.6,和歌山県南部
2018,1,1,15:33,15.0,36°50.2'N,139°45.3'E,4,0.6,栃木県北部
2018,1,1,15:38,20.3,32°43.7'N,130°42.4'E,16,0.1,熊本県熊本地方
2018,1,1,15:39,11.8,35°52.2'N,140°51.8'E,16,0.9,千葉県東方沖
2018,1,1,15:42,13.8,31°23.8'N,130°37.1'E,11,0.9,鹿児島湾
2018,1,1,15:43,19.8,34°13.1'N,135°12.9'E,3,0.7,和歌山県北部
2018,1,1,15:44,3.6,28°0.3'N,129°25.2'E,31,2.1,奄美大島近海
2018,1,1,15:45,6.7,39°33.5'N,140°24.9'E,7,0.7,秋田県内陸南部
2018,1,1,15:49,17.8,40°3.0'N,142°24.7'E,37,1.1,岩手県沖
2018,1,1,15:56,15.0,34°34.1'N,139°8.2'E,17,0.2,伊豆大島近海
2018,1,1,15:59,43.4,38°41.9'N,141°57.5'E,54,-,宮城県沖
2018,1,1,16:02,14.4,34°56.8'N,137°29.2'E,40,0.1,愛知県東部
2018,1,1,16:06,38.8,36°45.9'N,140°33.4'E,9,0.8,茨城県北部
2018,1,1,16:10,58.3,35°22.8'N,133°50.8'E,14,0.4,鳥取県中部
2018,1,1,16:11,40.0,35°58.1'N,140°12.3'E,39,1.1,茨城県南部
2018,1,1,16:21,46.4,31°38.7'N,131°46.4'E,13,1.2,日向灘
2018,1,1,16:22,16.9,35°53.4'N,140°14.2'E,36,1.2,茨城県南部
2018,1,1,16:26,51.9,32°58.1'N,131°53.6'E,51,1.6,大分県南部
2018,1,1,16:33,4.2,31°58.0'N,130°12.1'E,2,0.1,天草灘
2018,1,1,16:36,39.1,30°43.0'N,132°2.4'E,54,-,九州地方南東沖
2018,1,1,16:38,52.4,32°29.1'N,130°34.4'E,7,0.7,熊本県熊本地方
2018,1,1,16:39,11.4,34°56.4'N,137°39.7'E,24,0.1,愛知県東部
2018,1,1,16:43,9.6,32°13.0'N,130°40.5'E,9,1.3,熊本県球磨地方
2018,1,1,16:46,43.7,32°5.5'N,131°50.2'E,27,1.2,日向灘
2018,1,1,16:50,45.2,34°53.5'N,135°38.0'E,14,0.5,大阪府北部
2018,1,1,16:55,36.6,36°38.4'N,141°35.6'E,49,1.3,茨城県沖
2018,1,1,16:57,0.8,28°19.8'N,129°30.1'E,21,0.4,奄美大島近海
2018,1,1,17:02,0.6,35°22.6'N,133°51.1'E,12,0.4,鳥取県中部
2018,1,1,17:04,42.5,37°9.8'N,140°31.7'E,80,1.2,福島県中通り
2018,1,1,17:08,53.3,35°20.6'N,136°50.8'E,13,0.2,愛知県西部
2018,1,1,17:09,4.0,36°48.0'N,140°33.5'E,10,1.2,茨城県北部
2018,1,1,17:09,26.7,34°43.0'N,138°5.3'E,15,0.6,静岡県西部
2018,1,1,17:09,31.1,36°48.1'N,140°33.4'E,10,1.1,茨城県北部
2018,1,1,17:10,58.5,31°59.8'N,132°6.4'E,23,-,日向灘
2018,1,1,17:14,20.2,39°14.9'N,142°20.3'E,49,1.2,岩手県沖
2018,1,1,17:15,11.6,37°15.0'N,142°5.7'E,22,-,福島県沖
2018,1,1,17:17,6.3,40°10.3'N,145°17.7'E,46,-,三陸沖
2018,1,1,17:17,43.9,36°34.8'N,139°24.4'E,8,0.3,群馬県南部
2018,1,1,17:19,18.1,29°9.6'N,129°19.6'E,7,1.6,トカラ列島近海
2018,1,1,17:22,56.4,32°59.9'N,131°2.2'E,7,1.0,熊本県阿蘇地方
2018,1,1,17:25,20.4,30°11.5'N,130°45.0'E,11,1.2,種子島近海
2018,1,1,17:34,40.3,35°47.0'N,140°55.4'E,28,0.8,千葉県東方沖
2018,1,1,17:36,41.7,37°26.7'N,141°57.4'E,23,1.8,福島県沖
2018,1,1,17:40,1.3,35°35.1'N,141°2.0'E,15,1.8,千葉県東方沖
2018,1,1,17:43,47.8,35°23.5'N,138°56.8'E,16,0.5,静岡県東部
2018,1,1,17:44,15.8,37°4.8'N,140°34.7'E,6,0.1,福島県中通り
2018,1,1,17:50,26.6,37°50.1'N,141°37.6'E,80,-,福島県沖
2018,1,1,17:56,54.4,27°27.0'N,128°36.5'E,36,1.0,沖縄本島近海
2018,1,1,17:58,50.6,37°18.0'N,142°3.2'E,26,-,福島県沖
2018,1,1,17:58,50.9,36°0.9'N,140°57.7'E,36,1.0,茨城県沖
2018,1,1,18:00,1.7,36°52.0'N,140°42.3'E,12,-,茨城県北部
2018,1,1,18:06,9.8,34°56.6'N,136°2.0'E,11,0.7,滋賀県南部
2018,1,1,18:09,42.5,37°24.8'N,141°47.2'E,42,1.6,福島県沖
2018,1,1,18:11,20.6,30°49.0'N,131°6.3'E,6,1.6,種子島近海
2018,1,1,18:12,43.5,35°51.1'N,140°27.6'E,35,0.6,千葉県北西部
2018,1,1,18:14,14.1,35°16.3'N,137°41.1'E,10,0.1,長野県南部
2018,1,1,18:14,17.2,39°29.8'N,141°43.5'E,12,0.1,岩手県沿岸南部
2018,1,1,18:15,34.7,35°17.2'N,137°27.4'E,10,0.0,岐阜県美濃東部
2018,1,1,18:16,2.9,30°49.4'N,131°3.6'E,8,1.2,種子島近海
2018,1,1,18:17,14.3,34°55.8'N,139°35.3'E,34,0.4,伊豆大島近海
2018,1,1,18:17,43.4,36°45.0'N,139°24.0'E,5,-0.1,栃木県北部
2018,1,1,18:17,48.3,36°44.9'N,139°24.7'E,5,-0.2,栃木県北部
2018,1,1,18:18,14.8,34°10.7'N,136°11.9'E,37,0.6,三重県南部
2018,1,1,18:18,27.4,32°20.5'N,130°27.9'E,10,0.5,熊本県天草・芦北地方
2018,1,1,18:18,36.4,32°52.7'N,131°0.7'E,5,0.9,熊本県阿蘇地方
2018,1,1,18:18,47.4,37°1.2'N,140°31.3'E,9,0.6,福島県中通り
2018,1,1,18:19,22.0,35°33.9'N,139°33.2'E,19,0.6,神奈川県東部
2018,1,1,18:27,44.8,33°0.1'N,131°2.9'E,8,0.6,熊本県阿蘇地方
2018,1,1,18:30,52.2,37°48.8'N,142°13.9'E,28,-,宮城県沖
2018,1,1,18:32,49.0,33°48.5'N,134°23.4'E,5,-0.3,徳島県南部
2018,1,1,18:34,15.5,38°17.1'N,142°5.0'E,35,1.2,宮城県沖
2018,1,1,18:36,37.8,23°54.7'N,121°59.2'E,37,3.1,台湾付近
2018,1,1,18:37,45.6,34°44.0'N,134°48.3'E,9,0.5,兵庫県南東部
2018,1,1,18:39,30.0,36°46.3'N,141°14.4'E,26,1.1,茨城県沖
2018,1,1,18:46,2.4,38°53.0'N,140°34.1'E,139,-,秋田県内陸南部
2018,1,1,18:47,46.6,37°37.7'N,141°50.1'E,32,-,福島県沖
2018,1,1,18:52,13.3,35°54.3'N,140°13.1'E,46,1.4,茨城県南部
2018,1,1,18:53,41.5,41°19.8'N,142°44.1'E,28,3.1,青森県東方沖
2018,1,1,18:56,24.2,35°3.5'N,135°34.6'E,15,0.6,京都府南部
2018,1,1,18:57,42.7,35°22.7'N,133°51.1'E,12,0.3,鳥取県中部
2018,1,1,18:58,34.9,31°22.3'N,130°31.4'E,6,0.6,鹿児島県薩摩地方
2018,1,1,19:00,56.7,27°46.1'N,127°52.4'E,30,1.4,沖縄本島北西沖
2018,1,1,19:03,31.7,34°59.2'N,135°39.2'E,9,0.5,京都府南部
2018,1,1,19:06,52.7,35°25.3'N,139°6.0'E,14,0.0,神奈川県西部
2018,1,1,19:08,55.1,36°28.8'N,140°50.6'E,11,0.8,茨城県沖
2018,1,1,19:09,19.9,34°0.8'N,135°9.8'E,5,0.8,和歌山県北部
2018,1,1,19:14,33.3,38°57.0'N,142°17.2'E,32,1.2,宮城県沖
2018,1,1,19:14,36.8,35°26.7'N,140°13.0'E,37,0.9,千葉県北東部
2018,1,1,19:18,28.8,36°11.4'N,139°47.3'E,55,1.5,茨城県南部
2018,1,1,19:20,28.8,34°10.6'N,136°46.6'E,19,1.0,三重県南東沖
2018,1,1,19:21,28.6,42°50.4'N,142°57.9'E,106,0.9,十勝地方中部
2018,1,1,19:22,13.6,26°32.0'N,126°58.6'E,9,1.9,沖縄本島近海
2018,1,1,19:31,12.8,36°45.6'N,141°16.1'E,18,1.5,茨城県沖
2018,1,1,19:32,33.4,32°25.7'N,138°20.4'E,363,3.0,東海道南方沖
2018,1,1,19:34,4.8,34°28.5'N,130°52.8'E,16,0.9,山口県北西沖
2018,1,1,19:34,48.5,35°40.8'N,140°48.1'E,19,2.9,千葉県東方沖
2018,1,1,19:38,54.2,32°41.4'N,130°44.1'E,12,0.4,熊本県熊本地方
2018,1,1,19:39,59.4,35°22.4'N,133°51.0'E,13,0.6,鳥取県中部
2018,1,1,19:41,20.1,36°39.1'N,140°38.6'E,65,0.7,茨城県北部
2018,1,1,19:42,53.7,34°44.9'N,137°42.3'E,29,0.3,静岡県西部
2018,1,1,19:43,41.2,39°45.3'N,141°51.0'E,56,0.8,岩手県沿岸北部
2018,1,1,19:45,32.6,43°21.7'N,144°0.8'E,121,1.4,釧路地方中南部
2018,1,1,19:48,27.8,34°14.5'N,135°13.8'E,6,1.1,和歌山県北部
2018,1,1,19:48,48.3,35°39.7'N,140°4.6'E,37,0.6,千葉県北西部
2018,1,1,19:49,26.3,35°40.3'N,140°48.1'E,19,2.3,千葉県東方沖
2018,1,1,19:49,33.7,36°48.5'N,140°35.1'E,6,0.2,茨城県北部
2018,1,1,19:49,38.2,38°9.3'N,142°22.6'E,26,1.7,宮城県沖
2018,1,1,19:50,25.0,40°14.3'N,142°11.6'E,36,1.0,岩手県沖
2018,1,1,19:51,1.5,35°40.6'N,140°47.7'E,18,1.9,千葉県東方沖
2018,1,1,19:51,25.4,35°8.0'N,137°34.8'E,16,0.3,愛知県東部
2018,1,1,19:52,28.4,35°1.5'N,135°5.7'E,15,1.0,兵庫県南東部
2018,1,1,19:52,44.0,24°57.8'N,124°30.8'E,10,1.6,宮古島近海
2018,1,1,19:53,52.5,36°48.4'N,140°32.8'E,9,0.1,茨城県北部
2018,1,1,19:55,2.9,32°14.8'N,130°29.7'E,7,0.0,熊本県天草・芦北地方
2018,1,1,19:55,43.7,35°35.2'N,138°7.3'E,14,0.5,長野県南部
2018,1,1,19:58,26.0,34°14.5'N,135°13.8'E,5,1.2,和歌山県北部
2018,1,1,20:00,13.1,40°41.3'N,142°34.9'E,16,-,青森県東方沖
2018,1,1,20:06,29.2,32°46.8'N,130°37.3'E,12,0.5,熊本県熊本地方
2018,1,1,20:06,36.8,35°39.1'N,140°39.4'E,48,0.9,千葉県東方沖
2018,1,1,20:09,6.5,35°39.8'N,140°49.5'E,21,1.2,千葉県東方沖
2018,1,1,20:09,48.5,38°14.2'N,141°41.9'E,50,3.0,宮城県沖
2018,1,1,20:11,31.9,32°29.7'N,131°4.4'E,144,1.6,宮崎県北部山沿い
2018,1,1,20:14,16.7,31°8.1'N,130°48.8'E,62,0.9,鹿児島県大隅地方
2018,1,1,20:14,20.4,35°57.3'N,136°59.6'E,10,1.5,岐阜県飛騨地方
2018,1,1,20:15,19.8,36°41.7'N,141°24.5'E,53,1.6,茨城県沖
2018,1,1,20:26,23.8,32°20.0'N,130°32.2'E,8,0.2,熊本県天草・芦北地方
2018,1,1,20:29,54.5,32°53.9'N,130°34.4'E,10,-0.1,熊本県熊本地方
2018,1,1,20:30,42.3,35°55.0'N,137°42.5'E,7,0.6,長野県南部
2018,1,1,20:32,8.2,37°17.1'N,141°22.3'E,33,1.6,福島県沖
2018,1,1,20:34,35.5,37°7.7'N,139°15.4'E,3,0.3,福島県会津
2018,1,1,20:35,38.8,35°2.7'N,136°40.7'E,12,1.2,三重県北部
2018,1,1,20:37,7.1,35°32.4'N,137°19.7'E,14,0.4,岐阜県美濃東部
2018,1,1,20:38,19.2,35°25.7'N,140°19.3'E,34,0.9,千葉県北東部
2018,1,1,20:41,1.8,36°25.7'N,139°10.0'E,12,0.4,群馬県南部
2018,1,1,20:42,8.7,33°15.3'N,132°30.7'E,34,0.5,豊後水道
2018,1,1,20:42,39.2,35°49.0'N,140°35.8'E,13,0.5,千葉県北東部
2018,1,1,20:43,33.4,35°5.9'N,134°27.2'E,16,-0.2,兵庫県南西部
2018,1,1,20:43,52.0,39°34.8'N,140°43.2'E,8,1.2,秋田県内陸南部
2018,1,1,20:43,55.9,35°5.6'N,134°27.2'E,16,0.5,兵庫県南西部
2018,1,1,20:44,12.8,35°5.7'N,134°27.2'E,16,0.7,兵庫県南西部
2018,1,1,20:44,28.9,35°7.5'N,137°57.3'E,17,0.3,静岡県西部
2018,1,1,20:47,56.5,44°51.2'N,147°31.7'E,138,3.1,択捉島付近
2018,1,1,20:53,17.0,36°37.6'N,139°26.6'E,9,0.5,栃木県北部
2018,1,1,20:56,32.7,39°3.5'N,140°55.2'E,8,0.3,岩手県内陸南部
2018,1,1,20:58,26.1,37°7.2'N,139°14.8'E,8,0.4,新潟県中越地方
2018,1,1,20:58,37.8,35°53.7'N,140°55.0'E,17,1.0,茨城県沖
2018,1,1,20:59,3.0,37°16.2'N,141°21.1'E,17,1.3,福島県沖
2018,1,1,21:03,20.9,38°18.4'N,142°33.9'E,27,1.3,宮城県沖
2018,1,1,21:03,44.3,33°25.8'N,135°28.9'E,28,1.8,和歌山県南方沖
2018,1,1,21:08,16.6,35°46.1'N,140°57.5'E,30,0.8,千葉県東方沖
2018,1,1,21:09,16.4,35°48.1'N,141°0.3'E,28,1.8,千葉県東方沖
2018,1,1,21:12,37.3,35°5.7'N,134°27.2'E,16,0.7,兵庫県南西部
2018,1,1,21:12,41.8,35°51.3'N,137°43.2'E,10,0.1,長野県南部
2018,1,1,21:13,7.4,28°6.7'N,128°6.9'E,16,1.7,奄美大島北西沖
2018,1,1,21:13,57.2,37°6.0'N,140°36.2'E,8,0.1,福島県中通り
2018,1,1,21:15,29.4,36°48.5'N,140°35.3'E,6,-,茨城県北部
2018,1,1,21:15,58.4,33°46.1'N,132°36.9'E,42,1.5,伊予灘
2018,1,1,21:19,25.9,31°41.6'N,131°47.9'E,15,1.0,日向灘
2018,1,1,21:19,46.5,35°55.1'N,138°6.7'E,9,-0.1,長野県南部
2018,1,1,21:20,29.9,32°21.4'N,130°38.6'E,10,-0.1,熊本県天草・芦北地方
2018,1,1,21:21,5.6,36°48.6'N,140°35.3'E,6,-0.1,茨城県北部
2018,1,1,21:22,57.9,39°35.7'N,140°43.3'E,5,-,秋田県内陸南部
2018,1,1,21:32,32.3,32°2.4'N,131°37.7'E,35,0.8,日向灘
2018,1,1,21:33,50.5,35°53.0'N,138°17.0'E,13,0.5,長野県中部
2018,1,1,21:33,50.8,34°9.6'N,135°29.2'E,8,-0.1,和歌山県北部
2018,1,1,21:35,15.3,36°12.7'N,140°55.5'E,43,1.0,茨城県沖
2018,1,1,21:35,40.7,29°34.3'N,131°58.7'E,71,2.4,種子島南東沖
2018,1,1,21:38,22.5,37°16.4'N,141°21.4'E,18,1.6,福島県沖
2018,1,1,21:39,16.7,28°7.9'N,128°5.0'E,11,1.4,奄美大島北西沖
2018,1,1,21:39,32.6,36°3.6'N,137°34.2'E,9,2.5,岐阜県飛騨地方
2018,1,1,21:40,21.5,36°40.6'N,140°35.4'E,11,0.7,茨城県北部
2018,1,1,21:41,0.7,35°39.6'N,140°41.9'E,48,1.6,千葉県東方沖
2018,1,1,21:42,32.9,39°43.6'N,143°15.0'E,27,-,三陸沖
2018,1,1,21:43,44.9,36°49.3'N,140°32.8'E,8,0.1,茨城県北部
2018,1,1,21:44,1.9,38°33.2'N,142°17.3'E,36,1.1,宮城県沖
2018,1,1,21:44,43.2,36°43.0'N,140°37.0'E,92,1.1,茨城県北部
2018,1,1,21:45,14.3,35°14.2'N,139°51.5'E,48,0.9,東京湾
2018,1,1,21:46,28.4,32°14.5'N,130°30.4'E,3,0.1,熊本県天草・芦北地方
2018,1,1,21:48,21.9,22°48.4'N,121°18.8'E,11,3.9,台湾付近
2018,1,1,21:50,41.4,42°1.8'N,139°16.9'E,7,1.5,北海道南西沖
2018,1,1,21:51,32.2,36°5.3'N,139°54.9'E,82,1.3,茨城県南部
2018,1,1,21:51,37.7,30°37.1'N,132°6.5'E,60,1.5,九州地方南東沖
2018,1,1,21:53,28.5,32°32.3'N,129°28.5'E,4,0.6,五島列島近海
2018,1,1,21:54,13.2,28°4.8'N,129°12.8'E,15,1.9,奄美大島近海
2018,1,1,21:55,13.3,34°4.0'N,134°31.6'E,9,0.2,徳島県北部
2018,1,1,21:57,55.3,34°19.4'N,140°55.0'E,41,2.2,房総半島南方沖
2018,1,1,21:58,11.9,36°3.4'N,137°34.3'E,9,0.0,岐阜県飛騨地方
2018,1,1,21:58,15.7,30°12.4'N,130°44.7'E,10,0.9,種子島近海
2018,1,1,22:01,24.3,32°58.6'N,131°4.2'E,10,0.7,熊本県阿蘇地方
2018,1,1,22:01,52.2,32°29.8'N,132°17.5'E,24,1.1,日向灘
2018,1,1,22:02,17.9,32°58.7'N,131°4.5'E,10,0.5,熊本県阿蘇地方
2018,1,1,22:04,17.0,40°38.4'N,143°43.2'E,20,-,三陸沖
2018,1,1,22:04,17.6,28°35.8'N,128°46.8'E,114,2.4,トカラ列島近海
2018,1,1,22:08,18.8,36°40.0'N,140°40.8'E,89,0.7,茨城県北部
2018,1,1,22:08,46.0,39°35.1'N,140°43.2'E,8,-,秋田県内陸南部
2018,1,1,22:08,51.9,39°12.8'N,142°3.3'E,41,0.9,岩手県沖
2018,1,1,22:15,25.9,35°29.3'N,139°1.2'E,19,0.2,山梨県東部・富士五湖
2018,1,1,22:17,15.2,31°23.4'N,130°36.8'E,9,0.8,鹿児島湾
2018,1,1,22:29,26.4,32°49.0'N,130°37.5'E,6,0.3,熊本県熊本地方
2018,1,1,22:29,45.8,28°10.3'N,129°32.2'E,31,1.1,奄美大島近海
2018,1,1,22:32,40.6,35°26.9'N,140°13.3'E,40,0.6,千葉県北東部
2018,1,1,22:37,21.8,32°44.2'N,130°45.6'E,12,0.1,熊本県熊本地方
2018,1,1,22:41,37.8,32°44.2'N,130°36.2'E,10,0.3,有明海
2018,1,1,22:42,50.5,35°8.7'N,137°56.8'E,13,0.2,静岡県西部
2018,1,1,22:45,57.1,38°57.1'N,142°25.0'E,29,3.2,宮城県沖
2018,1,1,22:47,25.3,38°56.8'N,142°21.3'E,29,1.3,宮城県沖
2018,1,1,22:48,33.5,33°53.8'N,134°47.3'E,17,0.5,紀伊水道
2018,1,1,22:49,0.3,34°2.9'N,135°19.2'E,11,0.1,和歌山県北部
2018,1,1,23:00,2.7,41°1.5'N,140°54.5'E,111,1.9,陸奥湾
2018,1,1,23:00,23.9,33°54.4'N,134°28.4'E,11,1.2,徳島県南部
2018,1,1,23:04,51.5,36°50.9'N,140°34.6'E,9,0.1,茨城県北部
2018,1,1,23:05,22.8,33°54.2'N,134°28.1'E,10,1.2,徳島県南部
2018,1,1,23:07,4.5,36°41.2'N,142°4.2'E,54,1.6,福島県沖
2018,1,1,23:10,25.6,38°18.7'N,141°54.1'E,45,3.8,宮城県沖
2018,1,1,23:19,3.9,32°37.6'N,130°38.5'E,11,0.2,熊本県熊本地方
2018,1,1,23:22,51.6,32°11.5'N,129°25.1'E,7,1.3,天草灘
2018,1,1,23:24,46.5,38°34.6'N,142°2.7'E,39,1.8,宮城県沖
2018,1,1,23:26,29.1,36°54.2'N,140°32.8'E,7,-0.2,福島県中通り
2018,1,1,23:26,36.0,32°21.1'N,130°39.5'E,12,0.2,熊本県球磨地方
2018,1,1,23:32,55.4,32°47.6'N,130°46.7'E,14,-0.2,熊本県熊本地方
2018,1,1,23:33,36.6,32°45.8'N,130°43.1'E,10,0.0,熊本県熊本地方
2018,1,1,23:35,0.1,36°14.7'N,137°9.1'E,8,0.0,岐阜県飛騨地方
2018,1,1,23:42,28.4,35°43.6'N,137°11.8'E,16,0.3,岐阜県飛騨地方
2018,1,1,23:43,29.0,28°8.3'N,128°6.0'E,20,1.6,奄美大島北西沖
2018,1,1,23:43,43.6,37°7.1'N,139°15.1'E,7,0.3,福島県会津
2018,1,1,23:44,9.3,37°7.3'N,139°14.9'E,7,0.0,新潟県中越地方
2018,1,1,23:44,14.6,37°7.2'N,139°14.9'E,6,0.1,新潟県中越地方
2018,1,1,23:49,2.2,33°13.3'N,137°53.7'E,368,2.7,三重県南東沖
2018,1,1,23:51,7.2,32°19.2'N,130°57.0'E,39,0.0,熊本県球磨地方
2018,1,1,23:53,43.9,37°43.5'N,144°12.3'E,44,3.3,福島県沖
